zapoteco,español,categoria,audio
a_bandein_perdid,ya lo echaron a perder,frase,a_bandein_perdid.mp3
a_bragel,ya amaneció,frase,a_bragel.mp3
a_don_nu-ni_inablas,haber si hay quien se acuerda,frase,a_don_nu_ni_inablas.mp3
a_gukbe,ya supe,frase,a_gukbe.mp3
a_lain_carruni,el esta corriendo,frase,a_lain_carruni.mp3
a_sia,ya me voy ,frase,a_sia.mp3
a_ubin,ya regreso,frase,a_ubin.mp3
a_ubiz_de_yag,ya se seco la leña,frase,a_ubiz_de_yag.mp3
a_vion,ya fuimos,frase,a_vion.mp3
ab_byagú_he,ya te cansaste?,frase,ab_byagú_he.mp3
ab_cai,ya oscurecio,frase,ab_cai.mp3
ab_seda,ya aprendí,frase,ab_seda.mp3
ab_yagni_nare,ya me canso,frase,ab_yagni_nare.mp3
ab_zienia,ya_senti,frase,ab_zienia.mp3
abana,ya lo hice,frase,a_bana.mp3
abcha,brujo(a),palabra,abcha.mp3
ab-dagua,ya comi,frase,ab-dagua.mp3
a-bedu_he,ya viniste,frase,a-bedu_he.mp3
abjaga,ya me canse,frase,abjaga.mp3
a-brain,ya se acabo,frase,a-brain.mp3
ab-sun,ya llegó ,frase,ab-sun.mp3
ab-yagi,ya se canso,frase,ab-yagi.mp3
acanit_n,ya se esta perdiendo,frase,a_ca_nit_uh.mp3
acut'_rrutin,ya no sirve,frase,a_cut_rrutin.mp3
aguá,ya fui,frase,aguá.mp3
amer_icai,ya ba a osbcurecer,frase,amer_icai.mp3
ar_cabeza_liu,ya te estoy esperando,frase,ar_cabeza_liu.mp3
araciu_he,ya estas dormiendo?,frase,a_raciu_he.mp3
arcasa_tib_nash,quiero algo dulce,frase,arcasa_tib_nash.mp3
as_gi,asta mañana,frase,as_gi.mp3
ast_gi,asta mañana,frase,ast_gi.mp3
at_i_bitin,no ha regresado,frase,at_i_bitin.mp3
a-ubi_dein,ya regresaron,frase,a-ubi_dein.mp3
a-ubin_he,ya regreso?,frase,a-ubin_he.mp3
ausha,ya es tarde,frase,ausha.mp3
aushi,ya atardecio,frase,aushi.mp3
b_siu,aveja de castilla,frase,b_siu.mp3
ba_sed,semillas de calabaza,frase,ba_sed.mp3
baat,zorrillo,animal,baat.mp3
bad,pato,animal,bad.mp3
bald,cubeta,uticecilio,bald.mp3
bald-gib,cubeta de fierro,utensilio,bald-gib.mp3
ban,hacer,palabra,ban.mp3
ban_ni,hazlo,palabra,ban_ni.mp3
bann-,lodo,palabra,bann-.mp3
baunk,banco ,mueble,baunk.mp3
bay,rebozo,articulo de vestir,bay.mp3
bcie-,aguila,animal,bcie-.mp3
bdii,hormiga,animal,bdii.mp3
be_de,gorgojo,animal,be_de.mp3
be_dun,chuparrosa,animal,be_dun.mp3
be_e,hongo ,organismo de la tirra,be_e.mp3
be_gich,mosca,insecto,be_gich.mp3
be_ka,zopilote,animal,be_ka.mp3
be_lad-i,,animal,be_lad-i.mp3
bech,zopilote,animal,bech.mp3
bech_rudub-,cenzontle..,animal,bech_rudub-.mp3
bedund,colibri,animal,bedund.mp3
bee_yag,hormiga de palo,animal,bee_yag.mp3
beel,carne,alimento,beel.mp3
begueg,mosquito,insecto,begueg.mp3
bél,pezcado,animal vertebrado,bél.mp3
bel_cuan,caldo de oregano,comida,bel_cuan.mp3
bel_dia,culebra negra,animal,bel_dia.mp3
beld,culebra,animal,beld.mp3
ben_duy,nanche roja,fruta,ben_duy.mp3
ben_duy_guish,nanche del campo,fruta,ben_duy_guish.mp3
best_biau-,,animal,best_biau-.mp3
bets_gie,topetosle,animal,bets_gie.mp3
betsia,piojo,animal,betsia.mp3
beú,coyote,animal,beú.mp3
beuku,perro,animal,beuku.mp3
beuri,chicharra,animal,beuri.mp3
be-ya-,moscon,animal,be-ya-.mp3
bgal_chein,cuanto costara ,frase,bgal_chein.mp3
bgit,gato,animal,bgit.mp3
bi_az,ciruela,fruta,bi_az.mp3
bi_chi,chiquito,palabra,bi_chi.mp3
biá,nopal,alimento,biá.mp3
bini,pequeño,palabra,bini.mp3
biú,pulga,animal,biú.mp3
biub,arriera,animal,biub.mp3
biz_lo,ojo,parte del cuerpo,biz_lo.mp3
black,cuanto cuesta?,frase,black.mp3
black_cha-chein,cuanto ira a ser,frase,black_cha-chein.mp3
black_reen,cuánto cuesta,frase,black_reen.mp3
blash_bud,hoja santa,verdura,blash_bud.mp3
blash_gel,hoja de aguacate,verdura,blash_gel.mp3
blian,conejo..,animal,blian.mp3
blo-,lechuza. ,animal,blo-.mp3
bloo-,quebrante huesos ,animal,bloo-.mp3
bra_gel,amanecer,frase,bra_gel.mp3
brau,chintete,animal,brau.mp3
bsa,frijol,alimento,bsa.mp3
bsa_gits,frijol blanco,alimento,bsa_gits.mp3
bsa_snia,frijol rojo,alimento,bsa_snia.mp3
bsagusa,frijol molido frito,frase,bsagusa.mp3
bsan-,venado,anuimal,bsan-.mp3
bsanu,hermano,palabra,bsanu.mp3
bsayu_bsa,frijol molido (tostado),alimento,bsayu_bsa.mp3
bsherit,gorrion,animal,bsherit.mp3
bsian,muchos,palabra,bsian.mp3
bsian_na_dein_a_cut_rnalastia,"son muchos 
ya no me acuerdo",frase,cut_rnalastia_.mp3
bsie,pozo,palabbra,bsie.mp3
bsié,cacao,alimento,bsié.mp3
bsihay,ladrillo,material para construccion,bsihay.mp3
bsilas,descana,frase,bsilas.mp3
bsin,comprar,palabra,bsin.mp3
bsu,adobe,material para construccion,bsu.mp3
bsul,comal,articulo,bsul.mp3
bsul,comal,palabra,bsul.mp3
bsun,llegar,palabra,bsun.mp3
btiush,tomate,verdura,btiush.mp3
btiush_gel,tomatillo,verdura,btiush_gel.mp3
bud',pollo,animal,bud'.mp3
bud'_cun,gallina,animal,bud'_cun.mp3
bud'_gay,gallo,animal,bud'_gay.mp3
bud'_gul,guagolote,animal,bud'_gul.mp3
bud'_lach,guajolota,animal,bud'_lach.mp3
budgid,pollito,animal,budgid.mp3
bue,luna,satelite natural de la tierra,bue.mp3
bue_nald,invierno (luna de frio),estacion del tiempo,bue_nald.mp3
bue_nanda,verano (temporada de calor),estacion del tiempo,bue_nanda.mp3
bue_niz_gie,temporada de lluvia,estacion del tiempo,bue_niz_gie.mp3
buen_durs,muy bien,frase,buen_durs.mp3
bun__lash,gente del pueblo,frase,bun__lash.mp3
bun_dan,gente de la sierra,frase,bun_dan.mp3
bun_di_za,gente zapoteca,frase,bun_di_za.mp3
bun_gish,gente catrina,frase,bun_gish.mp3
bun_gul,viejo (persona aduta),palabra,bun_gul.mp3
bun_lasha,paisano gente de mi pueblo),palabra,bun_lasha.mp3
bun_zac,buena persona,frase,bun_zac.mp3
bunn,gente,palabra,bunn.mp3
bun-wish,gente de macuil,frase,bun-wish.mp3
bur,burro (asno),animal,bur.mp3
bzan,hermano,palabra,bzan.mp3
bzie_yu,cacahuate ,fruta,bzie_yu.mp3
bziee,pozo,articulo,bziee.mp3
bzin,raton,animal,bzin.mp3
bzug-,gusano,animal,bzug-.mp3
bzun,venado,animal,bzun.mp3
ca-_bsilas,esta descansando ,palabra,ca-_bsilas.mp3
ca_chuch,gorra,articulo,ca_chuch.mp3
ca_cua,estoy echando,frase,ca_cua.mp3
ca_cuán,esta echando,frase,ca_cuán.mp3
ca_cuan_get,esta echando tortillas,frase,ca_cuan_get.mp3
ca_yad_niz_gie,esta lloviendo,frase,ca_yad_niz_gie.mp3
ca_yai,coser,palabra,ca_yai.mp3
café,café ,bebida,café.mp3
cain_gib,venir_armado,frase,cain_gib.mp3
cald,caldo,comida,cald.mp3
cald_gun,caldo de res,comida,cald_gun.mp3
cald-bud,caldo de pollo,comida,cald-bud.mp3
cald-gil,caldo de borrego,comida,cald-gil.mp3
cali,donde,palabra,cali.mp3
Cali bsedu dizaa,¿Dónde aprendiste Zapoteco?,frase,bsedu_.mp3
cali_chon,adonde vamos,frase,cali_chon.mp3
cali_chu,adonde vas?,frase,cali_chu.mp3
cali_gu,adonde fuieste ( en pasado),frase,cali_gu.mp3
cali-_i-suban,donde lo pongo?,frase,cali-_i-suban.mp3
cali_subgo,adonde estas sentada,frase,cali_subgo.mp3
cali-gai-hu,donde se va hacer',frase,cali-gai-hu.mp3
cali-gak,donde va aser?,frase,cali-gak.mp3
cali-rvesu,adonde vives?,frase,cali-rvesu.mp3
cali-sein,adonde se fue?,frase,cali-sein.mp3
cali-ui,adonde fuiste? (presente),frase,cali-ui.mp3
canel,canela,palabra,canel.mp3
casi_lasa,estoy descansando,frase,casi_lasa.mp3
cayó,comiendo,palabra,cayó.mp3
cha_get,una tortilla,alimento,cha_get.mp3
cha-_hulam,continuar ,frase,cha-_hulam.mp3
cha_quinia_tiboc_cub,voy a tomar un poco de tejate,frase,cha_quinia_cub.mp3
chaá,ire,palabra,chaá.mp3
chagursh,,animal,chagursh.mp3
chan_daquiu,vas a sembra,frase,chan_daquiu.mp3
chaniu_eh,lo vas a llevar,frase,chaniu_eh.mp3
chap,muchacha,palabra,chap.mp3
chape,chamaquita,palabra,chape.mp3
chay,despacio,palabra,chay.mp3
che,ir,palabra,che.mp3
chel,esposa,palabra,chel.mp3
chell,esposo,palabra,chall.mp3
chib,chivo,animal,chib.mp3
cho_can_yus,vamos a traer arena,frase,cho_can_yus.mp3
cho_can_zeee,vamos a traer elotes,frase,cho_can_zeee.mp3
cho_siac_ni_disak,vamos a dar las gracias,frase,cho_siac.mp3
chon,tres,palabra,chon.mp3
chon,tres,numero,chon.mp3
chon_lo_yu_doo,vamos a ir a la iglesia,frase,chon_lo_yu_doo.mp3
chonn,vamos ,palabra,chonn.mp3
chu,ir,palabra,chu.mp3
cu_bash,tejate de tepache,bebida,cu-bash.mp3
cu_biat,tejate  blanco,bebida,cu-biat.mp3
cu_nu,endonde estas,frase,cu_nu.mp3
cuai,madrugada,palabra,cuai.mp3
cuan,alfalfa,hierva,cuan.mp3
cuania,chepil,verdura,cuania.mp3
cub,"tejate, masa",bebida,cub.mp3
cub_sie,tejate de cacao,bebida,cub_-sie.mp3
cuch,cerdo,animal,cuch.mp3
cuch_bez,tlacuache,animal,cuch_bez.mp3
cuch_nis,cochinilla,animal,cuch_nis.mp3
cue,a mi lado,palabra,cue.mp3
cue__tush,al costado,palabra,cue__tush.mp3
cue_danush,al lado del cerro danush,frase,cuedanush.mp3
cuel_bols,coco de totomozle,palabra,cuel_bols.mp3
cumin,comino,alimento,cumin.mp3
cun,como,palabra,cun.mp3
cun_shinganu,donde esta tu hijo,frase,cun_shinganu.mp3
cun_tis_carrun_ni,conque estaba corriendo,frase,cun_tis.mp3
cun-bsanu,donde esta tu hermano,frase,cun-bsanu.mp3
cu-nii,donde esta?,frase,cu-nii.mp3
"cun-nuti_escuel_bai_per
_don_na_par_iseden_ladein","como no hay escuela , 
nosotros tenemos que enseñarles.",frase,cun-nuti.mp3
cunuu,donde estas?,frase,cunuu.mp3
curand,cilantro,verdura,curand.mp3
curs_teti,nada,palabra,curs_teti.mp3
curs_teti_bana,no hice nada,frase,curs_teti_bana.mp3
curs_teti_canie,no estoy diciendo nada,frase,curs_teti_canie.mp3
curt_tilot,no les de vergüenza,frase,cut_rtilot.mp3
cushteti_cayak,nada esta pasando,frase,cushteti_cayak.mp3
cut_chale,no se va a poder,frase,cut_chale.mp3
cut_ibestia_liu,no te espero,frase,cut_ibestia_liu.mp3
cut_inastia,no agarrare,frase,cut_inastia.mp3
cut_isun_ni,no va a llegar,frase,cut_isun_ni.mp3
cut_rbesti,no esta,frase,cut_rbesti.mp3
cut_rcasu_na,no me quieres?,frase,cut_rcasu_na.mp3
cut_rgibia,no tengo miedo,frase,cut_rgibia.mp3
cuti,no,palabra,cuti.mp3
cut-inustia-liu,no te voy a agarrar,frase,cut-inustia-liu.mp3
cut-nantia,no se,frase,cut-nantia.mp3
cuton,camisa,articulo de vestir,cuton.mp3
dad,señor,persona,dad.mp3
dad_rvest_yubtu,el señor este con ustedes,frase,dad_rvest-yubtu.mp3
dad_vid,dios ,palabra,dad_vid.mp3
damm,buo,animal,damm.mp3
dan,cerro,lugar,dan.mp3
dau,espiga de la milpa,parte de la milpa,dau.mp3
dets,detrás,lugar,dets.mp3
diaag,oreja,parte del cuerpo,diaag.mp3
diag,liebre,animal,diag.mp3
dich,palabra,palabra,dich.mp3
dich_nian,hablar em serio,frase,dich_nian.mp3
dich_til,verdad,palabra,dich_til.mp3
dis_ti_puc,devaras,palabra,dis_ti_puc.mp3
dish_gish_,chisme,palabra,dish_gish_.mp3
diza_do,zapoteco antiguo,frase,diza_do.mp3
dizaa,zapoteco ,palabra,dizaa.mp3
di-zak_ste-yubtu,a su salud,frase,di-zak_ste-yubtu.mp3
dua,platano,frutas,dua.mp3
dub,maguey,planta,dub.mp3
ebes,vivir (estar),palabra,ebes.mp3
erge,maltratar,palabra,erge.mp3
erge_de_bun_nare_,me maltrato la gente,frase,erge_de_bun_nare_.mp3
ga,nueve,numero,ga.mp3
gahua,voy a comer,frase,gahua.mp3
gai,cinco ,numero,gai.mp3
gak,hacer,frase,gak.mp3
gal_guap,saludar,palabra,gal_guap.mp3
gal_guap_dios,saludar a dios,frase,gal_guap_dios.mp3
gal_na,malestar,palabra,gal_na.mp3
gal_rro,comida,palabra,gal_rro.mp3
gald,veinte,numero,gald.mp3
galsi,desgracia,palabra,galsi.mp3
galvi_chon,veinti tres,numero,galvi_chon.mp3
galvi_ga,veinti nueve,numero,galvi_ga.mp3
galvi_gai,veinti cinco,numero,galvi_gai.mp3
galvi_gats,veinti siete,numero,galvi_gats.mp3
galvi_shron,veiiti ocho,numero,galvi_shron.mp3
galvi_shrop,veinti seis,numero,galvi_shrop.mp3
galvi_tap,veinti cuatro,numero,galvi_tap.mp3
galvi_tiop,veinti dos,numero,galvi_tiop.mp3
galvi_tub,veinti uno,numero,galvi_tub.mp3
galvi-zhu,treinta,numero,galvi-zhu.mp3
galvi-zhu_chon,treinta y tres,numero,galvi-zhu_chon.mp3
galvi-zhu_ga,treinta y nueve,numero,galvi-zhu_ga.mp3
galvi-zhu_gai,treinta y cinco,numero,galvi-zhu_gai.mp3
galvi-zhu_gast,treinta y siete,numero,galvi-zhu_gast.mp3
galvi-zhu_shron,treinta y ocho,numero,galvi-zhu_shron.mp3
galvi-zhu_shrop,treinta y seis,numero,galvi-zhu_shrop.mp3
galvi-zhu_tap,treinta y cuatro,numero,galvi-zhu_tap.mp3
galvi-zhu_tiop,treinta y dos,numero,galvi-zhu_tiop.mp3
galvi-zhu_tub,treinta y uno,numero,galvi-zhu_tub.mp3
gansak,bendición,palabra,gansak.mp3
garad,arado,"herramienta de trabajo
 para el campo",garad.mp3
garbanz,garbanzo,alimento,garbanz.mp3
gasr,cerca (distancia),palabra,gasr.mp3
gats,siete,numero,gats.mp3
gayua,cien,numero,gayua.mp3
geb,cagual ( nombre de hierba),hierba,geb.mp3
gee,surco,palabra,gee.mp3
geé,tomar,palabra,geé.mp3
geel,noche,palabra,geel.mp3
gehs_til,pan,alimento,gehs_til.mp3
gel,milpa,planta,gel.mp3
gel_guie,mamey,fruto,gel_guie.mp3
get,tortilla,alimento,get.mp3
get_bas_guie,tamal de piedra,alimento,get_bas_guie.mp3
get_baz,tamal,alimento,get_baz.mp3
get_lo_sul,empanada,alimento,get_lo_sul.mp3
get_shun,entomatadas,comida,get_shun.mp3
gi,mañana,palabra,gi.mp3
gi_niá,chile de agua,alimento,giniá.mp3
gi_nionc,chile de onza,alimento,gi_nionc.mp3
gi_sher,tijeras,articulo,gi_sher.mp3
gi_shrun,higaditos,comida,gi_shrun.mp3
gib,fierro,articulo de metal,gib.mp3
gib_goz,aoz  ,herramienta de trabajo,gib_goz.mp3
gich_quie,cabello ,parte del cuerpo,gich_quie.mp3
gich_quie_bizlo,pestañas y cejas,parte del cuerpo,gich_quie_bizlo.mp3
gié,flor,palabra,gié.mp3
gie_bghi,flor de mayo,flor,gie_bghi.mp3
gie_bsi,flor de calabaza,flor,gie_bsi.mp3
gie_non,anona,fruta,gie_non.mp3
gie_penumbr,flor de penumbre,flor,gie_penumbr.mp3
gié_wish,flor del campo,flor,gié_wish.mp3
gie_zusen,flor de azucena,flor,gie_zusen.mp3
giee,piedra ,palabra,giee.mp3
giee_wish,piedra del campo,palbar,giee_wish.mp3
gi-gil,silla,mueble,gi-gil.mp3
gin,chile,alimento,gin.mp3
gin_ruag,canasta,articulo,gin_ruag.mp3
giniag,chile de arbol,alimento,gi_niag.mp3
git,calabaza,verdura,git.mp3
git,cebolla,verdura,git.mp3
git_rga,resortera,articulo,git_rga.mp3
git_ru,labios,parte del cuerpo,git_ru.mp3
git_tlan,calaza amarga,verdura,git_tlan.mp3
git_tuez,chilacayota,frutas,git_tuez.mp3
gitia_guch,chayote ,verdura,gitia_guch.mp3
gitz,"papel , meta te ",palabra,gitz.mp3
go,comer,palabra,go.mp3
goo-he,vas ha comer?,frase,goo-he.mp3
gu_bich,sol,palabra,gu_bich.mp3
guag,rata,animal,guag.mp3
guanee,llévalo,palabra,guanee.mp3
guch_,jilote (antes de sr elote),parte de la milpa,guch.mp3
guch_gill,cuchillo ,utenciolio,guch_gill.mp3
guch_liu,mundo ,palabra,guch_liu.mp3
gue_,mercado,lugar,gue.mp3
gue_ló,luciernaga,animal,gue_ló.mp3
gue_shun,garrapata,animal,gue_shun.mp3
gue_tiup,avispa roja,animal,gue_tiup.mp3
guetub_,escarabajo,animal,guetub.mp3
guew,rio,lugar,guew.mp3
guie_ringi,tejolote ,utencilio de cocina,guie_ringi.mp3
guii,rata de campo,animal,guii.mp3
guish,sacata,producto del campo,guish.mp3
guitzin_,murciélago ,animal,guitzin.mp3
guk,cuando,palabra,guk.mp3
guk,cuándo,palabra,guk.mp3
guk_gaki,cuando se va ha ser,frase,guk-gak-i.mp3
gul_ge,tomen,frase,gul_ge.mp3
gul_gue__dich,platicar,frase,gul_gue__dich.mp3
gul_tee,torcaza,animal,gul_tee.mp3
gulbirus_,tarantula,animal,gulbirus.mp3
gun,toro,animal,gún.mp3
gurbes-dad-he,esta el señor?,frase,gurbes-dad-he.mp3
gurral,corral,lugar,gurral.mp3
gush,pueblo,palabra,gush.mp3
gut_bill,guilas,animal,gut_bill.mp3
gut_i,se murio,palabra,gut_i.mp3
gutch,espina,palabra,gutch.mp3
gutch_gur,ahuja ,articulodecostura,gutch_gur.mp3
guy,guayaba,fruta,guiy.mp3
ha_vandein_perdid,ya lo echaron a perde,frase,ha_vandein_perdid.mp3
ha-cha_tasiu-he,ya te vas a dormir?,frase,tasiu-he.mp3
ha-gualem,ya esta listo,frase,ha-gualem.mp3
harasi,ya esta durmiendo?,frase,harasi.mp3
hu_na,mujer,palabra,hu_na.mp3
hu_ni,habla,palabra,hu_ni.mp3
hu_rau,lagartija,animal,hu_rau.mp3
hu_shar,cuchara,utencilio de cocina,hu_shar.mp3
hu_shi,tarde,palabra,hu_shi.mp3
hu_shin,noche,palabra,hu_shin.mp3
hu_shrad,chapulines,animal,hu_shrad.mp3
hu_yash,caro (precio),palbra,hu_yash.mp3
i_kin,vamos a comer,frase,i_kin.mp3
i_quita,voy a jugar,frase,i_quita.mp3
i_subu_rrub,vas a poner niztamal,frase,i_subu_rrub.mp3
i_sun_ni_eh,va ha llegar?,frase,i_sun_ni_eh.mp3
ica_yu_gel,oregear (arar la milpa ),trabajo,ica_yu_gel.mp3
icuan_yug_lo_de_gun,vamos a uncir los toros,frase,yug_gun.mp3
idon_ti_rub_gin,vamos a comer una salsa,frase,idon_ti_rub_gin.mp3
idon_ti_sut_bud,vamos a comer un huevo,frase,idon_ti_sut_bud.mp3
igibiu_nare,me vas a asustar ,frase,igibiu_nare.mp3
ina_last_nuh_diza,para que no se olvide,frase,ina_last_nuh_.mp3
irunbiu_nare,me vas a conocer,frase,irunbiu_nare.mp3
isi_lasa_tib_ru,voy a descansar un pocoquito,frase,isi_lasa_tib_ru.mp3
isu_chun__,arreglarse,palabra,isu_chun.mp3
isunia,llagar,palabra,isunia.mp3
iyag_nu,nos vemos,frase de despedida,iyag_nu.mp3
izz,año,palabra,izz.mp3
ka__yai,se está cociendo,frase,ka__yai.mp3
ka_-chandilasa_liu,como te voy a creer,frase,ka_-chandilasa_liu.mp3
ka_rel,haciendo,palabra,ka_rel.mp3
ka_yac,pasando ,palabra,ka_yac.mp3
ka-chandilasa,como creerlo,frase,ka-chandilasa.mp3
kali,a dónde,palabra,kali.mp3
Kandian_rrub,naciendo la milpa,frase,Kandian_rrub.mp3
la_nii,fiesta,palabra,lanii.mp3
laá,guaje,verdura,laá.mp3
laa_chi,chepiche,hierba,laa_chi.mp3
laa_dein,ellos,pronombre,laa_dein.mp3
laa_gu,hierba de conejo,hierva,laa_gu.mp3
laat,ustedes,pronombre,laat.mp3
laay,diente,palabra,laay.mp3
lacu-brein-liu,cuanto se parece a ti,frase,brein_liu.mp3
lady,ropa,palabra,lady.mp3
lai_gi,medio dia,frase,lai_gi.mp3
lan,"el  ""o"" ella",palabra,lan.mp3
lan_gun,cuello,parte del cuerpo,lan_gun.mp3
lan_gurral,en el corral,lugar,lan_gurral.mp3
lan-gush,en el pueblo,lugar,lan-gush.mp3
laniaa,estomago,parte del cuerpo,laniaa.mp3
lanii_ro,fiesta grande,frase,la_nii_ro.mp3
lann_,adentrp,palabra,lann.mp3
lann_diag,dentro del oido,frase,lann_diag.mp3
las,delgado,palabra,las.mp3
las_doo,corazon,parte del cuerpo,las_doo.mp3
lash,pueblo,palabra,lash.mp3
lat_tirs_ret_,a donde quiera que vayan,frase,lat_rstis_ret.mp3
limón,limon,verdura,limón.mp3
lisa,mi casa,frase,lisa.mp3
lisu,tu casa,frase,lisu.mp3
liu,tu,pronombre,liu.mp3
liu_chi,tu pues,frase,liu_chi.mp3
liu_chu,tu vas a ir,frase,liu_chu.mp3
liun,enseñar,frase,liun.mp3
liu-nas,tu agarra,frase,liu-nas.mp3
liz,casa,palabra,liz.mp3
lo,cara,frase,lo.mp3
lo_dan,encima del cerro,lugar,lo_dan.mp3
lo_de_bun,a esta gente,frase,lo_de_bun.mp3
lo_de_mied,alas personas,frase,lo_de_mied.mp3
lo_nia,terreno ó campo,palabra,lo_nia.mp3
lo_tush,en el pecho,frase,lo_tush.mp3
lo_zuth,en el hueso,frase,lo_zuth.mp3
lua,mi cara,frase,lua.mp3
man_gas,zanate,animal,man_gas.mp3
man_ser,aveja,animal,man_ser.mp3
mandad,mandado,palabra,mandad.mp3
manguguel_,tortolita,animal,manguguel.mp3
masie,masea,palabra,masie.mp3
maung,mango,fruta,maung.mp3
mdiy_,gavilan,animal,mdiy.mp3
mel_za,memelitas,comida,mel_za.mp3
mess,mesa,articulo,mess.mp3
min_si_re,chamaco debil este,frase,min_si_re.mp3
mud'_kuart,medio cuarto,frase,mud'_kuart.mp3
na,mano,palabra,na.mp3
na_ban,estar vivo,palabra,na_ban.mp3
na_bin,trsite,palabra,na_bin.mp3
na_biz,seco,palabra,na_biz.mp3
na_cub,nuevo,palabra,na_cub.mp3
na_doo,manso,palabra,na_doo.mp3
na_doo_laz,ser muy tranquilo,frase,na_doo_laz.mp3
na_gaa,estar verde,palabra,na_gaa.mp3
na_gich,enojado,palabra,na_gich.mp3
na_guel,rapido,palabra,na_guel.mp3
na_gus,blando,palabra,na_gus.mp3
na_lá,bravo,palabra,na_lá.mp3
na_laa,mi nombre es,frase,na_laa.mp3
na_par_che,tiene que ir,frase,na_par_che.mp3
na_yab_runu,haces feo,frase,na_yab_runu.mp3
na_zruc_na,esta crijiente,frase,na_zruc_na.mp3
nab-nare,pideme,palabra,nab-nare.mp3
nacai,oscuro,palabra,nacai.mp3
nach,mojado,palabra,nach.mp3
nageg,rçuidoso,palabra,nageg.mp3
nagish,sabroso,frase,nagish.mp3
nagish_rsien_,se sienete sabroso,frase,nagish_rsien_.mp3
nah_par_chau_la,esto tiene que continuar,frase,chau_la.mp3
nah_par_iliuden__diza_lo-rat_nir_cads_ised,"tenemos que enseñrles a 
todos los que quieran aprender",frase,rcads_ised.mp3
nah_par_iliun_diza_lo_de_bun,tenemos que enales a la gente.,frase,iliun_diza.mp3
nah_par_ised_nu_dizaa,tenemos que aprende el zapoteco,frase,nu_dizaa.mp3
nah_rstund__srten_nu,es nuestro trabajo.,frase,nah_rstund__srten_nu.mp3
nald,frio,palabra,nald.mp3
nan,señora,palabra,nan.mp3
nan_da,caliente,frase,nan_da.mp3
nanda,"amargo, caliente",palabra,nanda.mp3
nare,yo,pronombre,nare.mp3
nare_bana,yo lo hice,frase,nare_bana.mp3
nare_na,yo soy ,frase,nare_-_na.mp3
nare_rcasa_tiboc_cub,quiero un poquito de tejate,frase,rcasa_tiboc_cub.mp3
nare-naba_ni,yo lo pedi,frase,naba.mp3
narrun,ancho,palabra,narrun.mp3
nases,ligero,palabra,nases.mp3
nash,azucar,alimento,nash.mp3
nash,dulce,palabra,nash.mp3
nasin_,,palabra,nasin.mp3
nayab,feo,palabre,nayab.mp3
ndo_nian,mole de hoya,frase,ndo_nian.mp3
ndrash,naranja,frutas,ndrash.mp3
ndrash,naranja,fruta,ndrash.mp3
ndurs,terminar,palabra,ndurs.mp3
needoo,primero,palabra,needoo.mp3
nesiu,camino,palabra,nesiu.mp3
nest-get,aya abajo,frase,nest-get.mp3
nest-ya,aya arriva,frase,nest-ya.mp3
nez,calle,palabra,nez.mp3
ngas,negro,color,ngas.mp3
ngats,amarillo,color,ngats.mp3
ngits,blanco,color,ngits.mp3
ngul,macho,palabra,ngul.mp3
ni_ba_ulat,los que ya se vaciaron,frase,ni_ba_ulat.mp3
ni_canie,lo que estoy diciendo,frase,ni_canie.mp3
ni_cut_rru,ni sirves,frase,ni_cut_rru.mp3
ni_cut_runu_srgab,ni piensas,frase,ni_cut_runu_srgab.mp3
ni_rnin_lo_gush,lo que hablamos en el pueblo,frase,ni_urni_lo_gush.mp3
ni_rru,lo que sirve,frase,ni_rru.mp3
nia,claro,palabra,nia.mp3
nian_run_lo,ponerse vivo,frase,nian_run_lo.mp3
nie,mi pie,parte del cuerpo,nie.mp3
niee,decir,palabra,niee.mp3
nis,agua o mazorca,bebida,nis.mp3
nis_dee,agua de seniza,frase,nis_dee.mp3
nis_gie_doo,llovizna (duradera),palabra,nis_gie_doo.mp3
nis_gie_pi,lluvia fuerte(tempestad),palabra,nis_gie_pi.mp3
nis_giendaz,llovizna,palabra,nis_giendaz.mp3
nit,caña,palabra,nit.mp3
niu,tu pie,parte del cuerpo,niu.mp3
niz_de,maíz picado,producto,niz_de.mp3
niz_gib,carcel,palabra,niz_gib.mp3
niz_gie,lluvia fuerte(tempestad),palabra,niz_gie.mp3
niz_tiaz,agua de ajo,comida,niz_tiaz.mp3
nu_bun_ni_cuti_riulas_nin,hay gente que no le gusta eso,frase,cuti_riulas_nin.mp3
nu_bun_ni_cut-i_ryu_las,hay gente que no le gusta,frase,ni_cut-i_ryu.mpo3
nu_saa_lo_ubish,esta nublado,frase,saa_loubish.mp3
nu_ti_disak,hay una voluntad,frase,nu_ti_disak.mp3
nuh_tib_disch,hay un acuerdo,frase,nuh_tib_disch.mp3
nul,largo,palabra,nul.mp3
nush-nare,damelo,palabra,nush-nare.mp3
nuu,nuve,palabra,nuu.mp3
nyu,hombre,palabra,nyu.mp3
oreg,oregano,alimento,oreg.mp3
par_si,no mas ---q no digan,frase,par_si.mp3
par-nare,para mi,frase,par-nare.mp3
pimient,pimienta,alimento,pimient.mp3
plad_iach,molcajete,palabra,plad_iach.mp3
qitz,entierralo ,palabra,qitz.mp3
ques,queso,alimento,ques.mp3
quie,"cabeza, cima",palabra,quie.mp3
ra_lee,poder,palabra,ra_lee.mp3
raath,todos,palabra,raath.mp3
rac,dolor,palabra,rac.mp3
rac_be,saber,palabra,rac_be.mp3
rac_ne,ayudar,palabra,rac_ne.mp3
rac_srhuca,me duele el hombro,frase,rac_srhuca.mp3
racshrua,estar enfermo,frase,racshrua.mp3
rap,tener,palabra,rap.mp3
ras´,dormir,palabra,ras´.mp3
rasha,tener flojera,frase,rasha.mp3
rastee,leventarse,palabra,rastee.mp3
rat_,acostarse,palabra,rat.mp3
raty,moririse,palabra,raty.mp3
rbin_lass,depresion,palabra,rbin_lass.mp3
rcas,queree,palabra,rcas.mp3
rcas_nare,quiereme,palabra,rcas_nare.mp3
rcasa,quiero,palabra,rcasa.mp3
rcasu-he,quieres?,palabra,rcasu-he.mp3
rcua,echar,palabra,rcua.mp3
rded,pasar,palabra,rded.mp3
rdiab,hervir,palabra,rdiab.mp3
rdie,salir,palabra,rdie.mp3
rdienal,perseguir,frase,rdienal.mp3
rdo,se evende,palabra,rdo.mp3
re,va (ir),palabra,re.mp3
refresc,refresco,bebida,refresc.mp3
rgag,estar cansado,frase,rgag.mp3
rgib,miedo,palabra,rgib.mp3
rgibiu,tienes miendo,frase,rgibiu.mp3
rgii,asar (cocinar),palabra,rgii.mp3
rgit,jugar,palabra,rgit.mp3
ri_lo,creerse,frase,ri_lo.mp3
ri_lua,me parece,frase,ri_lua.mp3
riab,caer,palabra,riab.mp3
riant,quedarse,frase,riant.mp3
riasrh,falta,palabra,riash.mp3
riasrh_rste_lli,falta que termine el dia,frase,riasrh_te_lli.mp3
rien,verse,palabra,rien.mp3
riloo,creer,palabra,riloo.mp3
rin_diag,oir,palabra,rin_diag.mp3
riu,entrar,palabra,riu.mp3
riulas,gustar,palabra,riulas.mp3
riulasca,me gusta,frase,riulasca.mp3
rliu,se ve,frase,rliu.mp3
rnabdich,preguntar,palabra,rnabdich.mp3
rneshni-get,por haya bajo,frase,rneshni-get.mp3
rneshni-ya,por aya arriva,frase,rneshni-ya.mp3
rniciu,nomas dices,frase,rniciu.mp3
rnii,hablar,palabra,rnii.mp3
rnitia,perderse,palabra,rnitia.mp3
ro,grande,palabra,ro.mp3
rquin,necesitar,palabra,rquin.mp3
rrub,maiz,alimento,rub.mp3
rrub_de_la,miz picado,producto,rub_de_la.mp3
rrun,correr,palabra,rrun.mp3
rrun,correr,palabra,run.mp3
rsaclass,estar contento,frase,rsaclass.mp3
rsan,dejar,palabra,rsan.mp3
rsed,aprender,palabra,rsed.mp3
rshte_nuh,nuestro,palabra,rshte_nuh.mp3
rshte_un,de nosostros,frase,rshte_un.mp3
rshun,trabajo,palabra,rshun.mp3
rsil,yemprano,palabra,rsil.mp3
rsi-las,descansa,palabra,rsi-las.mp3
rsis,debel,palabra,rsis.mp3
rsnan,mamá,palabra,rsnan.mp3
rstad,papá,palabra,rstad.mp3
rsu_biub,adormecer,frase,rsu_biub.mp3
rtes,brincar,palabra,rtes.mp3
ru,boca,parte del cuerpo,ru.mp3
rub_gin,salsa,comida,rub_gin.mp3
rub_gin,salsa,comida,rub_gin.mp3
rubgin_yaz,guacamole,comida,rubgin_yaz.mp3
ruch,tocar (instrumento),palabra,ruch.mp3
ruc--si,aquí nomas,frase,ruc--si.mp3
rul,tocar (instrumento),palabra,rul.mp3
rul_gel,media noche,frase,rul_gel.mp3
rumbe,conocer,palabra,rumbe.mp3
run,sangre,palabra,run.mp3
runa_gan,que gane,frase,runa_gan.mp3
runbio_lan,la  o lo conoces,frase,runbio_lan.mp3
runbiu_,conocer,frase,runbiu_.mp3
ruul,mitad,palabra,rul.mp3
rvest-yubtu,estar,palabra,rvest-yubtu.mp3
rzieni,"sentir (el ,ella)",palabra,rzieni.mp3
rzienia,siento (yo),palabra,rzienia.mp3
sa_cru,bonito,palabra,sa_cru.mp3
saa,nuve,palabra,saa.mp3
sack_lailli,buenas tardes (medio dia),frase,sack_lailli.mp3
sack_shin,buenas noches,frase,sack_shin.mp3
sack_ulli,buenas tardes (medio dia),frase,sack_ulli.mp3
sackr_sil_,buenos dias,frase,sack_rsil_.mp3
sak-rsil_lo_irate_yubtu,buenos dias atodos,frase,rsil_lo_rate.mp3
sale-he,se puede,frase,sale-he.mp3
sar-casu,como quieres,frase,sar-casu.mp3
scan,banca,palabra,scan.mp3
sdie,sandia,frutas,sdie.mp3
sed,sal,alimento,sed.mp3
sed_no_ah,eres chingon,frase,sed_no_ah.mp3
sek_no,asi eres,frase,sek_no.mp3
sek_rilua,asi me parece,frase,sek_rilua.mp3
sek-gaki,asi se hara,frase,sek-gaki.mp3
sek-this_iniu,como digas,frase,sek-this_iniu.mp3
sek-tis,asi nomas,frase,sek-tis.mp3
sek-tis-nir-casu,como querias,frase,sek-tis-nir-casu.mp3
sey_nam,asi es,frase,sey_nam.mp3
sha-ga-ki,como se le va hacer,frase,sha-ga-ki.mp3
she,porque ,palabra,she.mp3
she_no_sec,porque eres asi,frase,she_no_sec.mp3
shgab,pensar,palabra,shgab.mp3
shi,que,palabra,shi.mp3
shi_ca_yu_nu,que estan haciendo,frase,shi_ca_yu_nu.mp3
shi_ca_yunu,que etas haciendo,frase,shi_ca_yunu.mp3
shi_cos_canie,que estoy diciendo,frase,shi_cos_canie.mp3
shi_cos_go,que cosa vas a comer,frase,shi_cos_go.mp3
shi_cos_na,que soy,frase,shi_cos_na.mp3
shi_cuens,por qué tanto,palabra,shi_cuens.mp3
shi_cuens_runu_shgab,porque tanto piensas,frase,shi_cuens_runu_shgab.mp3
shi_gabil,que chingados ,frase,shi_gabil.mp3
shi_go,que vas a comer,frase,shi_go.mp3
shi_na_ni_banu,que fue lo que hiciste,frase,shi_na_ni_banu.mp3
shi_nain,que dice,frase,shi_nain.mp3
shi_nie,porque,frase,shi_nie.mp3
shi_nie_runu_sec,porque haces asi,frase,shi_nie_runu_sec.mp3
shi_ri-lo,que te crees,frase,shi_ri-lo.mp3
shi_riloo,que te crees,frase,shi_riloo.mp3
shi_runa,que ago,frase,shi_runa.mp3
shi_sacru_runi,que bonito hace,frase,shi_sacru_runi.mp3
shib,rodilla,parte del cuerpo,shib.mp3
shi-banu,que hiciste?,frase,shi-banu.mp3
shi-ca_nin,que esta diciendo,frase,shi-ca_nin.mp3
shii,nariz,parte del cuerpo,shii.mp3
shíl,borrego,animal,shíl.mp3
shin_gana,hijo,palabra,shin_gana.mp3
shin-chapa,hija,palabra,shin-chapa.mp3
shinia,"hijo, hija.",palabra,shinia.mp3
shinia_nain,es mi hijo,frase,shinia_nain.mp3
shiniu-_nain_he,es tu hijo?,frase,shiniu-_nain_he.mp3
shir-casu,que quieres?,frase,shir-casu.mp3
shir-nesh,ni cuando,frase,shir-nesh.mp3
shisr_rgab_runu,que piensas,frase,shisr_rgab_runu.mp3
shis-tuve,cual otro,frase,shis-tuv.mp3
shkit_run,chupa_rosa,animal,shkit_run.mp3
shlat,lugar,palabra,shlat.mp3
shnia,rojo,color,shnia.mp3
shnia_run,rojo fuerte (oscuro),color,shnia_run.mp3
shra_nuh_dein_nesku,como estan por hay,frase,nu_dein_nesk.mp3
shra_yu_iviu,como esta usted,frase,shra_yu_iviu.mp3
shron,ocho,numero,shron.mp3
shrop,seis,numero,shrop.mp3
shtios-yubtu,gracias a ustedes,frase,shtios-yubtu.mp3
shun,trabajo,palabra,shun.mp3
si_gues,cegesa,comida,si_gues.mp3
si_sicti,que cantidad,frase,si_sicti.mp3
siab,atole,bebida,siab.mp3
siab_guez,chocolate atole,bebida,siab_guez.mp3
siop_nu__ti_mandan,venimos un mandado,frase,ti_madad.mp3
sit,lejos,palabra,sit.mp3
siul,largo,palabra,siul.mp3
srhuc,honbro,parte del cuerpo,srhuc.mp3
srhus,duro (crujiente),palabra,srhus.mp3
stena-nain,es mio,palabra,stena-nain.mp3
stiash,ajo,verdura,stiash.mp3
stios_liu,gracias ati,frase,stios_liu.mp3
stioz,gracias,palabra,stioz.mp3
stioz_dios,gracias a dios,frase,stioz_dios.mp3
stioz_lat,gracias a ustedes,frase,stioz_lat.mp3
stioz_lat_van_ti_buen,gracias austedes que hicieron un favor,frase,stioz_buen.mp3
stioz_liu_vedu,gracias a ti que veniste,frase,stioz_liu_vedu.mp3
su_chun,arreglar,palabra,su_chun.mp3
sub_gan,sentarse,palabra,sub_gan.mp3
susaa,estar habierto,frase,su_saa.mp3
suth,hueso,parte del cuerpo,suth.mp3
sutip,ponerse fuerte,frase,su_tip.mp3
tap,cuatro,numero,tap.mp3
tassh,dormir,palabra,tassh.mp3
te_cut_irnit_nuh,para que no se pierda,frase,irnit_.mp3
tegna,mi mano,frase,teg_naa.mp3
teru_isunia_ruy,apenas voy a llegar ahí,frase,teru_isunia_ruy.mp3
ti_gayua,un ciento,frase,ti_gayua.mp3
tiaa,epasote,verdura,tiaa.mp3
tib__nda_gun,un lado del toro (un toro),animal,tib__nda_gun.mp3
tib_nez_gun,un ayunta (un par de toros),frase,tib_nez_gun.mp3
tib_rsgab,un pensamiento ,frase,tib_srgab.mp3
ti-bich,poquito,palabra,ti-bich.mp3
tiemp_bzi,sequia,palabra,tiemp_bzi.mp3
tin_gib,tina de fierro,frase,tin_gib.mp3
tiop,dos,numero,tiop.mp3
tios_ibiu,gracias a ti,frase,tios_ibiu.mp3
tios_yubtu_ka_nib_tib_disak,"gracias a ustede, que tienen voluntad.",frase,tib_disak.mp3
tiua,cuarenta,numero,tiua.mp3
tiush_guish,miltomate,frase,tiush_guish.mp3
tiush-las,tomate silvestre,frase,tiush-las.mp3
to_gut_i,quién se murió,frase,to_gut_i.mp3
to-gul,difunto ,frase,to-gul.mp3
tu,quien,palabra,tu.mp3
tu_bani,quien lo hizo,frase,tu_bani.mp3
tu_che,quien va a ir?,frase,tu_che.mp3
tu_loo,como te llamas,frase,tu_loo.mp3
tu_na_srhnanu,qui es tu mamá',frase,tu_na_srhnanu.mp3
tu_na_srhtadu,quie es tu papá?,frase,tu_na_srhtadu.mp3
tu_par_nain,para quien es?,frase,tu_par_nain.mp3
tu_shin_racu,hijo de quien eres?,frase,tu_shin_racu.mp3
tu_shin-nain,hijo de quien es?,frase,tu_shin-nain.mp3
tub,uno ,numero,tub.mp3
tu-brein,a quien se pacere?,frase,tu-brein.mp3
tu-nabi,quien lo pidio?,frase,tu-nabi.mp3
turs-srhteni,de qui es?,frase,tursh-srhteni.mp3
tusch,pecho,parte del cuerpo,tusch.mp3
tush,pecho,parte del cuwerpo,tush.mp3
ub_cadiag,escuchá ,palabra,ub_kadiag.mp3
ub_di,hormiga ,animal,ub_di.mp3
ub_dua,plátano,frutas,ub_dua.mp3
ub_gal,cuánto?,frase,ub_gal.mp3
ub_gie,fijate,palabra,ub_gie.mp3
ub_guch,cuajilote,fruto,ub_guch.mp3
ub_kid,mariposa,animal,ub_kid.mp3
ub_kin,come,palbra,ub_kin.mp3
ub_rrun,corre,palabra,ub_rrun.mp3
ub_shell,encontrar,palabra,ub_shell.mp3
ubdo_vez,bebé ,persona,ubdo_vez.mp3
ubstul-,desruir ( deshacer ),frase,ubstul.mp3
ubtas,duermete,frase,ubtas.mp3
udes_nare,abrazame,frase,ubdes_nare.mp3
ukit,jugar,palabra,ukit.mp3
ulas,quintoniles,comida,ulas.mp3
ules_nare,esperame,palabra,ules_nare.mp3
un,hay,palabra,nu.mp3
una_yaz,mujer morena,frase,una_yaz.mp3
uni,habla,palabra,uni.mp3
uni_-nare,hablame,palabra,uni_-nare.mp3
uni_tub,di uno,frase,uni_tub.mp3
unia_lo_valgi,mire las estrellas,frase,unia_lo_valgi.mp3
usha,luz,palabra,usha.mp3
usrhard',chapulin,animal,usrhard'.mp3
uyash,caro,palabra,uyash.mp3
vag,vaca,animal,vag.mp3
val_gi,estrella,palabra,val_gi.mp3
van_vi_dun,feo izo el remolino,frase,van_vi_dun.mp3
vi,aire,palabra,vi.mp3
vi_dun,remolino,palabra,vi_dun.mp3
we_nes_rre,vete por ahí,frase,we_nes_rre.mp3
wet,fueron,palabra,wet_he.mp3
wil,renacuajo(wilas),animal,wil.mp3
wve,escoba,palabra,wve.mp3
y_sub_gan_lo_scan,nos sentaremos en el banquito,frase,lo_scan.mp3
y_suslon,vamos a empezar,palabra,y_suslon.mp3
yaba,cielo,palabra,yaba.mp3
yag,arbol (leña),palabra,yag.mp3
ya-wish,macuil,palabra,yag-wish.mp3
yaz,aguacate,verdura,yaz.mp3
yu,casa,palabra,yu.mp3
yu_doo,iglesia,lugar,yu_doo.mp3
yu_ni_rian,tierra de trabajo,palabra,yu_rian.mp3
yu_yul,tierra suelta,palabra,yu_yul.mp3
yu_yush,tierra arenosa,palabra,yu_yush.mp3
yug,yugo,herramienta de trabajo ,yug.mp3
yush,arena,material,yush.mp3
yzie,comprare,frase,yzie.mp3
zaa,nube,palabra,zaa.mp3
zaá,manteca,alimento,zaá.mp3
zanahor,zanahoria ,verdura,zanahor.mp3
zee,elote,producto,zee.mp3
zes,verdolaga,verdura,zes.mp3
zhonn,quince,numero,zhonn.mp3
zhra-iu,como estas?,frase,zhra-iu.mp3
zhu,diez,numero,zhu.mp3
zhu-da,catorce,numero,zhu-da.mp3
zhun-chon,diez y ocho,numero,zhun-chon.mp3
zhunn,trece,numero,zhunn.mp3
zhun-tap,diez y nueve,numero,zhun-tap.mp3
zhun-tiop,diez y siete,numero,zhun-tiop.mp3
zhun-tub,dies y seis,numero,zhun-tub.mp3
zhu-tiop,doce,numero,zhu-tiop.mp3
zhu-tub,once,numero,zhu-tub.mp3
zie,pozo,lugar (hoyo o excabacion ),zie.mp3
zuslom,empezar,palabra,zuslom.mp3
zut_bud,huevo,producto,zut_bud.mp3
ringin,piedra de moler àra el molcajete (juajolote),palabra,rin_gin.mp3
